AD,AND,AN,Andorra,"Andorra la Vella",
AE,ARE,AE,"United Arab Emirates","Abu Dhabi",
AF,AFG,AF,Afghanistan,Kabul,
AG,ATG,AC,"Antigua and Barbuda","St. John's",
AI,AIA,AV,Anguilla,"The Valley",
AL,ALB,AL,Albania,Tirana,
AM,ARM,AM,Armenia,Yerevan,
AO,AGO,AO,Angola,Luanda,
AQ,ATA,AY,Antarctica,,
AR,ARG,AR,Argentina,"Buenos Aires",
AS,ASM,AQ,"American Samoa","Pago Pago",
AT,AUT,AU,Austria,Vienna,
AU,AUS,AS,Australia,Canberra,
AW,ABW,AA,Aruba,Oranjestad,
AX,ALA,,Åland,Mariehamn,
AZ,AZE,AJ,Azerbaijan,Baku,
BA,BIH,BK,"Bosnia and Herzegovina",Sarajevo,
BB,BRB,BB,Barbados,Bridgetown,
BD,BGD,BG,Bangladesh,Dhaka,
BE,BEL,BE,Belgium,Brussels,
BF,BFA,UV,"Burkina Faso",Ouagadougou,
BG,BGR,BU,Bulgaria,Sofia,
BH,BHR,BA,Bahrain,Manama,
BI,BDI,BY,Burundi,Bujumbura,
BJ,BEN,BN,Benin,Porto-Novo,
BL,BLM,TB,"Saint Barthélemy",Gustavia,
BM,BMU,BD,Bermuda,Hamilton,
BN,BRN,BX,Brunei,"Bandar Seri Begawan",
BO,BOL,BL,Bolivia,Sucre,
BQ,BES,,Bonaire,,
BR,BRA,BR,Brazil,Brasilia,
BS,BHS,BF,Bahamas,Nassau,
BT,BTN,BT,Bhutan,Thimphu,
BV,BVT,BV,"Bouvet Island",,
BW,BWA,BC,Botswana,Gaborone,
BY,BLR,BO,Belarus,Minsk,
BZ,BLZ,BH,Belize,Belmopan,
CA,CAN,CA,Canada,Ottawa,Canadian-Ottawa
CC,CCK,CK,"Cocos [Keeling] Islands","West Island",
CD,COD,CG,"Democratic Republic of the Congo",Kinshasa,
CF,CAF,CT,"Central African Republic",Bangui,
CG,COG,CF,"Republic of the Congo",Brazzaville,
CH,CHE,SZ,Switzerland,Berne,
CI,CIV,IV,"Ivory Coast",Yamoussoukro,
CK,COK,CW,"Cook Islands",Avarua,
CL,CHL,CI,Chile,Santiago,Chilean-Santiago
CM,CMR,CM,Cameroon,Yaounde,
CN,CHN,CH,China,Beijing,Chinese-Beijing
CO,COL,CO,Colombia,Bogota,
CR,CRI,CS,"Costa Rica","San Jose",
CU,CUB,CU,Cuba,Havana,
CV,CPV,CV,"Cape Verde",Praia,
CW,CUW,UC,Curacao,Willemstad,
CX,CXR,KT,"Christmas Island","Flying Fish Cove",
CY,CYP,CY,Cyprus,Nicosia,
CZ,CZE,EZ,"Czech Republic",Prague,
DE,DEU,GM,Germany,Berlin,
DJ,DJI,DJ,Djibouti,Djibouti,
DK,DNK,DA,Denmark,Copenhagen,
DM,DMA,DO,Dominica,Roseau,
DO,DOM,DR,"Dominican Republic","Santo Domingo",
DZ,DZA,AG,Algeria,Algiers,
EC,ECU,EC,Ecuador,Quito,
EE,EST,EN,Estonia,Tallinn,
EG,EGY,EG,Egypt,Cairo,
EH,ESH,WI,"Western Sahara",El-Aaiun,
ER,ERI,ER,Eritrea,Asmara,
ES,ESP,SP,Spain,Madrid,
ET,ETH,ET,Ethiopia,"Addis Ababa",
FI,FIN,FI,Finland,Helsinki,
FJ,FJI,FJ,Fiji,Suva,
FK,FLK,FK,"Falkland Islands",Stanley,
FM,FSM,FM,Micronesia,Palikir,
FO,FRO,FO,"Faroe Islands",Torshavn,
FR,FRA,FR,France,Paris,
GA,GAB,GB,Gabon,Libreville,
GB,GBR,UK,"United Kingdom",London,British-London
GD,GRD,GJ,Grenada,"St. George's",
GE,GEO,GG,Georgia,Tbilisi,
GF,GUF,FG,"French Guiana",Cayenne,
GG,GGY,GK,Guernsey,"St Peter Port",
GH,GHA,GH,Ghana,Accra,
GI,GIB,GI,Gibraltar,Gibraltar,
GL,GRL,GL,Greenland,Nuuk,
GM,GMB,GA,Gambia,Banjul,
GN,GIN,GV,Guinea,Conakry,
GP,GLP,GP,Guadeloupe,Basse-Terre,
GQ,GNQ,EK,"Equatorial Guinea",Malabo,
GR,GRC,GR,Greece,Athens,
GS,SGS,SX,"South Georgia and the South Sandwich Islands",Grytviken,
GT,GTM,GT,Guatemala,"Guatemala City",
GU,GUM,GQ,Guam,Hagatna,
GW,GNB,PU,Guinea-Bissau,Bissau,
GY,GUY,GY,Guyana,Georgetown,
HK,HKG,HK,"Hong Kong","Hong Kong",
HM,HMD,HM,"Heard Island and McDonald Islands",,
HN,HND,HO,Honduras,Tegucigalpa,
HR,HRV,HR,Croatia,Zagreb,
HT,HTI,HA,Haiti,Port-au-Prince,
HU,HUN,HU,Hungary,Budapest,
ID,IDN,ID,Indonesia,Jakarta,
IE,IRL,EI,Ireland,Dublin,
IL,ISR,IS,Israel,Jerusalem,
IM,IMN,IM,"Isle of Man","Douglas, Isle of Man",
IN,IND,IN,India,"New Delhi",
IO,IOT,IO,"British Indian Ocean Territory","Diego Garcia",
IQ,IRQ,IZ,Iraq,Baghdad,
IR,IRN,IR,Iran,Tehran,
IS,ISL,IC,Iceland,Reykjavik,
IT,ITA,IT,Italy,Rome,
JE,JEY,JE,Jersey,"Saint Helier",
JM,JAM,JM,Jamaica,Kingston,
JO,JOR,JO,Jordan,Amman,
JP,JPN,JA,Japan,Tokyo,
KE,KEN,KE,Kenya,Nairobi,
KG,KGZ,KG,Kyrgyzstan,Bishkek,
KH,KHM,CB,Cambodia,"Phnom Penh",
KI,KIR,KR,Kiribati,Tarawa,
KM,COM,CN,Comoros,Moroni,
KN,KNA,SC,"Saint Kitts and Nevis",Basseterre,
KP,PRK,KN,"North Korea",Pyongyang,
KR,KOR,KS,"South Korea",Seoul,
KW,KWT,KU,Kuwait,"Kuwait City",
KY,CYM,CJ,"Cayman Islands","George Town",
KZ,KAZ,KZ,Kazakhstan,Astana,
LA,LAO,LA,Laos,Vientiane,
LB,LBN,LE,Lebanon,Beirut,
LC,LCA,ST,"Saint Lucia",Castries,
LI,LIE,LS,Liechtenstein,Vaduz,
LK,LKA,CE,"Sri Lanka",Colombo,
LR,LBR,LI,Liberia,Monrovia,
LS,LSO,LT,Lesotho,Maseru,
LT,LTU,LH,Lithuania,Vilnius,
LU,LUX,LU,Luxembourg,Luxembourg,
LV,LVA,LG,Latvia,Riga,
LY,LBY,LY,Libya,Tripolis,
MA,MAR,MO,Morocco,Rabat,
MC,MCO,MN,Monaco,Monaco,
MD,MDA,MD,Moldova,Chisinau,
ME,MNE,MJ,Montenegro,Podgorica,
MF,MAF,RN,"Saint Martin",Marigot,
MG,MDG,MA,Madagascar,Antananarivo,
MH,MHL,RM,"Marshall Islands",Majuro,
MK,MKD,MK,Macedonia,Skopje,
ML,MLI,ML,Mali,Bamako,
MM,MMR,BM,"Myanmar [Burma]","Nay Pyi Taw",
MN,MNG,MG,Mongolia,"Ulan Bator",
MO,MAC,MC,Macao,Macao,
MP,MNP,CQ,"Northern Mariana Islands",Saipan,
MQ,MTQ,MB,Martinique,Fort-de-France,
MR,MRT,MR,Mauritania,Nouakchott,
MS,MSR,MH,Montserrat,Plymouth,
MT,MLT,MT,Malta,Valletta,
MU,MUS,MP,Mauritius,"Port Louis",
MV,MDV,MV,Maldives,Male,
MW,MWI,MI,Malawi,Lilongwe,
MX,MEX,MX,Mexico,"Mexico City",
MY,MYS,MY,Malaysia,"Kuala Lumpur",
MZ,MOZ,MZ,Mozambique,Maputo,
NA,NAM,WA,Namibia,Windhoek,
NC,NCL,NC,"New Caledonia",Noumea,
NE,NER,NG,Niger,Niamey,
NF,NFK,NF,"Norfolk Island",Kingston,
NG,NGA,NI,Nigeria,Abuja,
NI,NIC,NU,Nicaragua,Managua,
NL,NLD,NL,Netherlands,Amsterdam,
NO,NOR,NO,Norway,Oslo,
NP,NPL,NP,Nepal,Kathmandu,
NR,NRU,NR,Nauru,Yaren,
NU,NIU,NE,Niue,Alofi,
NZ,NZL,NZ,"New Zealand",Wellington,
OM,OMN,MU,Oman,Muscat,
PA,PAN,PM,Panama,"Panama City",
PE,PER,PE,Peru,Lima,
PF,PYF,FP,"French Polynesia",Papeete,
PG,PNG,PP,"Papua New Guinea","Port Moresby",
PH,PHL,RP,Philippines,Manila,
PK,PAK,PK,Pakistan,Islamabad,
PL,POL,PL,Poland,Warsaw,
PM,SPM,SB,"Saint Pierre and Miquelon",Saint-Pierre,
PN,PCN,PC,"Pitcairn Islands",Adamstown,
PR,PRI,RQ,"Puerto Rico","San Juan",
PS,PSE,WE,Palestine,"East Jerusalem",
PT,PRT,PO,Portugal,Lisbon,
PW,PLW,PS,Palau,Melekeok,
PY,PRY,PA,Paraguay,Asuncion,
QA,QAT,QA,Qatar,Doha,
RE,REU,RE,Réunion,Saint-Denis,
RO,ROU,RO,Romania,Bucharest,
RS,SRB,RI,Serbia,Belgrade,
RU,RUS,RS,Russia,Moscow,Russian-Moscow
RW,RWA,RW,Rwanda,Kigali,
SA,SAU,SA,"Saudi Arabia",Riyadh,
SB,SLB,BP,"Solomon Islands",Honiara,
SC,SYC,SE,Seychelles,Victoria,
SD,SDN,SU,Sudan,Khartoum,
SE,SWE,SW,Sweden,Stockholm,
SG,SGP,SN,Singapore,Singapur,
SH,SHN,SH,"Saint Helena",Jamestown,
SI,SVN,SI,Slovenia,Ljubljana,
SJ,SJM,SV,"Svalbard and Jan Mayen",Longyearbyen,
SK,SVK,LO,Slovakia,Bratislava,
SL,SLE,SL,"Sierra Leone",Freetown,
SM,SMR,SM,"San Marino","San Marino",
SN,SEN,SG,Senegal,Dakar,
SO,SOM,SO,Somalia,Mogadishu,
SR,SUR,NS,Suriname,Paramaribo,
SS,SSD,OD,"South Sudan",Juba,
ST,STP,TP,"São Tomé and Príncipe","Sao Tome",
SV,SLV,ES,"El Salvador","San Salvador",
SX,SXM,NN,"Sint Maarten",Philipsburg,
SY,SYR,SY,Syria,Damascus,
SZ,SWZ,WZ,Swaziland,Mbabane,
TC,TCA,TK,"Turks and Caicos Islands","Cockburn Town",
TD,TCD,CD,Chad,N'Djamena,
TF,ATF,FS,"French Southern Territories",Port-aux-Francais,
TG,TGO,TO,Togo,Lome,
TH,THA,TH,Thailand,Bangkok,
TJ,TJK,TI,Tajikistan,Dushanbe,
TK,TKL,TL,Tokelau,,
TL,TLS,TT,"East Timor",Dili,
TM,TKM,TX,Turkmenistan,Ashgabat,
TN,TUN,TS,Tunisia,Tunis,
TO,TON,TN,Tonga,Nuku'alofa,
TR,TUR,TU,Turkey,Ankara,
TT,TTO,TD,"Trinidad and Tobago","Port of Spain",
TV,TUV,TV,Tuvalu,Funafuti,
TW,TWN,TW,Taiwan,Taipei,我國
TZ,TZA,TZ,Tanzania,Dodoma,
UA,UKR,UP,Ukraine,Kiev,
UG,UGA,UG,Uganda,Kampala,
UM,UMI,,"U.S. Minor Outlying Islands",,
US,USA,US,"United States",Washington,American-Washington
UY,URY,UY,Uruguay,Montevideo,
UZ,UZB,UZ,Uzbekistan,Tashkent,
VA,VAT,VT,"Vatican City","Vatican City",
VC,VCT,VC,"Saint Vincent and the Grenadines",Kingstown,
VE,VEN,VE,Venezuela,Caracas,
VG,VGB,VI,"British Virgin Islands","Road Town",
VI,VIR,VQ,"U.S. Virgin Islands","Charlotte Amalie",
VN,VNM,VM,Vietnam,Hanoi,
VU,VUT,NH,Vanuatu,"Port Vila",
WF,WLF,WF,"Wallis and Futuna","Mata Utu",
WS,WSM,WS,Samoa,Apia,
XK,XKX,KV,Kosovo,Pristina,
YE,YEM,YM,Yemen,Sanaa,
YT,MYT,MF,Mayotte,Mamoudzou,
ZA,ZAF,SF,"South Africa",Pretoria,
ZM,ZMB,ZA,Zambia,Lusaka,
ZW,ZWE,ZI,Zimbabwe,Harare,
